[{"model": "product.department", "pk": 1, "fields": {"name": "\u041e\u0434\u0435\u0436\u0430", "code_name": "clothes", "notes": "", "slug": "clothes"}}, {"model": "product.department", "pk": 2, "fields": {"name": "\u0410\u043a\u0441\u0435\u0441\u0443\u0430\u0440\u0438", "code_name": "accessories", "notes": "", "slug": "accessories"}}, {"model": "product.department", "pk": 3, "fields": {"name": "\u0417\u0430\u0433\u043e\u0442\u043e\u0432\u043a\u0438", "code_name": "patterns", "notes": "", "slug": "patterns"}}, {"model": "product.section", "pk": 1, "fields": {"name": "\u0427\u043e\u043b\u043e\u0432\u0456\u0447\u0430 \u043e\u0434\u0435\u0436\u0430", "code_name": "men_clothes", "notes": "", "department": 1, "slug": "men_clothes", "image": "sections_images/men_clothes/section_men_cropped.jpg"}}, {"model": "product.section", "pk": 2, "fields": {"name": "\u0416\u0456\u043d\u043e\u0447\u0430 \u043e\u0434\u0435\u0436\u0430", "code_name": "women_clothes", "notes": "", "department": 1, "slug": "women_clothes", "image": "sections_images/women_clothes/section_women_cropped.jpg"}}, {"model": "product.section", "pk": 3, "fields": {"name": "\u041e\u0434\u0435\u0436\u0430 \u0434\u043b\u044f \u0445\u043b\u043e\u043f\u0447\u0438\u043a\u0456\u0432", "code_name": "boys_clothes", "notes": "", "department": 1, "slug": "boys_clothes", "image": "sections_images/boys_clothes/section_boys_cropped.jpg"}}, {"model": "product.section", "pk": 4, "fields": {"name": "\u041e\u0434\u0435\u0436\u0430 \u0434\u043b\u044f \u0434\u0456\u0432\u0447\u0430\u0442", "code_name": "girls_clothes", "notes": "", "department": 1, "slug": "girls_clothes", "image": "sections_images/girls_clothes/section_girl_cropped.jpg"}}, {"model": "product.section", "pk": 5, "fields": {"name": "\u0410\u043a\u0441\u0435\u0441\u0443\u0430\u0440\u0438 \u0434\u043b\u044f \u0447\u043e\u043b\u043e\u0432\u0456\u043a\u0456\u0432", "code_name": "men_accessories", "notes": "", "department": 2, "slug": null, "image": "sections_images/None/section_women_cropped_XHJPyXn.jpg"}}, {"model": "product.section", "pk": 6, "fields": {"name": "\u0410\u043a\u0441\u0435\u0441\u0443\u0430\u0440\u0438 \u0434\u043b\u044f \u0436\u0456\u043d\u043e\u043a", "code_name": "women_accessories", "notes": "", "department": 2, "slug": null, "image": "sections_images/None/section_women_cropped.jpg"}}, {"model": "product.section", "pk": 7, "fields": {"name": "\u0410\u043a\u0441\u0435\u0441\u0443\u0430\u0440\u0438 \u0434\u043b\u044f \u0445\u043b\u043e\u043f\u0447\u0438\u043a\u0456\u0432", "code_name": "boys_accessories", "notes": "", "department": 2, "slug": "boys_accessories", "image": "sections_images/boys_accessories/section_women_cropped.jpg"}}, {"model": "product.section", "pk": 8, "fields": {"name": "\u0410\u043a\u0441\u0435\u0441\u0443\u0430\u0440\u0438 \u0434\u043b\u044f \u0434\u0456\u0432\u0447\u0430\u0442", "code_name": "girls_accessories", "notes": "", "department": 2, "slug": "girls_accessories", "image": "sections_images/girls_accessories/section_women_cropped.jpg"}}, {"model": "product.section", "pk": 9, "fields": {"name": "\u0410\u043a\u0441\u0435\u0441\u0443\u0430\u0440\u0438 \u0443\u043d\u0456\u0432\u0435\u0440\u0441\u0430\u043b\u044c\u043d\u0456", "code_name": "uni_accessories", "notes": "", "department": 2, "slug": "uni_accessories", "image": "sections_images/uni_accessories/section_women_cropped.jpg"}}, {"model": "product.section", "pk": 10, "fields": {"name": "\u0417\u0430\u0433\u043e\u0442\u043e\u0432\u043a\u0438 \u0447\u043e\u043b\u043e\u0432\u0456\u0447\u043e\u0433\u043e \u043e\u0434\u044f\u0433\u0443", "code_name": "men_patterns", "notes": "", "department": 3, "slug": "men_patterns", "image": "sections_images/men_patterns/section_women_cropped.jpg"}}, {"model": "product.section", "pk": 11, "fields": {"name": "\u0417\u0430\u0433\u043e\u0442\u043e\u0432\u043a\u0438 \u0436\u0456\u043d\u043e\u0447\u043e\u0433\u043e \u043e\u0434\u044f\u0433\u0443", "code_name": "women_patterns", "notes": "", "department": 3, "slug": "women_patterns", "image": "sections_images/women_patterns/section_women_cropped.jpg"}}, {"model": "product.section", "pk": 12, "fields": {"name": "\u0417\u0430\u0433\u043e\u0442\u043e\u0432\u043a\u0438 \u043e\u0434\u044f\u0433\u0443 \u0434\u043b\u044f \u0445\u043b\u043e\u043f\u0447\u0438\u043a\u0456\u0432", "code_name": "boys_patterns", "notes": "", "department": 3, "slug": "boys_patterns", "image": "sections_images/boys_patterns/section_women_cropped.jpg"}}, {"model": "product.section", "pk": 13, "fields": {"name": "\u0417\u0430\u0433\u043e\u0442\u043e\u0432\u043a\u0438 \u043e\u0434\u044f\u0433\u0443 \u0434\u043b\u044f \u0434\u0456\u0432\u0447\u0430\u0442", "code_name": "girls_patterns", "notes": "", "department": 3, "slug": "girls_patterns", "image": "sections_images/girls_patterns/section_women_cropped.jpg"}}, {"model": "product.section", "pk": 14, "fields": {"name": "\u0417\u0430\u0433\u043e\u0442\u043e\u0432\u043a\u0438 \u0443\u043d\u0456\u0432\u0435\u0440\u0441\u0430\u043b\u044c\u043d\u0456", "code_name": "uni_patterns", "notes": "", "department": 3, "slug": "uni_patterns", "image": "sections_images/uni_patterns/section_women_cropped.jpg"}}, {"model": "product.itemtype", "pk": 1, "fields": {"name": "\u0424\u0443\u0442\u0431\u043e\u043b\u043a\u0430", "name_plural": "\u0424\u0443\u0442\u0431\u043e\u043b\u043a\u0438", "code_name": "men_t_shirt", "notes": "\u0427\u043e\u043b\u043e\u0432\u0456\u0447\u0430 \u0444\u0443\u0442\u0431\u043e\u043b\u043a\u0430", "section": 1, "slug": "men_t_shirt", "image": "", "icon": "item_images/men_t_shirt/men-t-shirt.png"}}, {"model": "product.itemtype", "pk": 2, "fields": {"name": "\u0421\u043e\u0440\u043e\u0447\u043a\u0430", "name_plural": "\u0421\u043e\u0440\u043e\u0447\u043a\u0438", "code_name": "men_shirt", "notes": "\u0427\u043e\u043b\u043e\u0432\u0456\u0447\u0456 \u0441\u043e\u0440\u043e\u0447\u043a\u0438", "section": 1, "slug": "men_shirt", "image": "", "icon": "item_images/men_shirt/men-shirt.png"}}, {"model": "product.itemtype", "pk": 3, "fields": {"name": "\u0424\u0443\u0442\u0431\u043e\u043b\u043a\u0430", "name_plural": "\u0424\u0443\u0442\u0431\u043e\u043b\u043a\u0438", "code_name": "women_t_shirt", "notes": "\u0416\u0456\u043d\u043e\u0447\u0456 \u0444\u0443\u0442\u0431\u043e\u043b\u043a\u0438", "section": 2, "slug": "women_t_shirt", "image": "", "icon": "item_images/women_t_shirt/women-t-shirt.png"}}, {"model": "product.itemtype", "pk": 4, "fields": {"name": "\u0421\u043e\u0440\u043e\u0447\u043a\u0430", "name_plural": "\u0421\u043e\u0440\u043e\u0447\u043a\u0438", "code_name": "women_shirt", "notes": "\u0416\u0456\u043d\u043e\u0447\u0456 \u0441\u043e\u0440\u043e\u0447\u043a\u0438", "section": 2, "slug": "women_shirt", "image": "", "icon": "item_images/women_shirt/women-shirt.png"}}, {"model": "product.itemtype", "pk": 5, "fields": {"name": "\u0421\u0443\u043a\u043d\u044f", "name_plural": "\u0421\u0443\u043a\u043d\u0456", "code_name": "women_dress", "notes": "", "section": 2, "slug": "women_dress", "image": "", "icon": "item_images/women_dress/women-dress.png"}}, {"model": "product.itemtype", "pk": 6, "fields": {"name": "\u0421\u043f\u0456\u0434\u043d\u0438\u0446\u044f", "name_plural": "\u0421\u043f\u0456\u0434\u043d\u0438\u0446\u0456", "code_name": "women_skirt", "notes": "\u0416\u0456\u043d\u043e\u0447\u0456 \u0441\u043f\u0456\u0434\u043d\u0438\u0446\u0456", "section": 2, "slug": "women_skirt", "image": "", "icon": "item_images/women_skirt/women-skirt.png"}}, {"model": "product.itemtype", "pk": 7, "fields": {"name": "\u0422\u0443\u043d\u0456\u043a\u0430", "name_plural": "\u0422\u0443\u043d\u0456\u043a\u0438", "code_name": "women_tunic", "notes": "\u0416\u0456\u043d\u043e\u0447\u0456 \u0442\u0443\u043d\u0456\u043a\u0438", "section": 2, "slug": "women_tunic", "image": "", "icon": "item_images/women_tunic/women-tunic.png"}}, {"model": "product.itemtype", "pk": 8, "fields": {"name": "\u0424\u0443\u0442\u0431\u043e\u043b\u043a\u0430", "name_plural": "\u0424\u0443\u0442\u0431\u043e\u043b\u043a\u0438", "code_name": "boys_t_shirt", "notes": "\u0424\u0443\u0442\u0431\u043e\u043b\u043a\u0438 \u0434\u043b\u044f \u0445\u043b\u043e\u043f\u0447\u0438\u043a\u0456\u0432", "section": 3, "slug": "boys_t_shirt", "image": "", "icon": "item_images/boys_t_shirt/men-t-shirt.png"}}, {"model": "product.itemtype", "pk": 9, "fields": {"name": "\u0421\u043e\u0440\u043e\u0447\u043a\u0430", "name_plural": "\u0421\u043e\u0440\u043e\u0447\u043a\u0438", "code_name": "boys_shirt", "notes": "\u0421\u043e\u0440\u043e\u0447\u043a\u0438 \u0434\u043b\u044f \u0445\u043b\u043e\u043f\u0447\u0438\u043a\u0456\u0432", "section": 3, "slug": "boys_shirt", "image": "", "icon": "item_images/boys_shirt/men-shirt.png"}}, {"model": "product.itemtype", "pk": 10, "fields": {"name": "\u0424\u0443\u0442\u0431\u043e\u043b\u043a\u0430", "name_plural": "\u0424\u0443\u0442\u0431\u043e\u043b\u043a\u0438", "code_name": "girls_t_shirt", "notes": "\u0424\u0443\u0442\u0431\u043e\u043b\u043a\u0438 \u0434\u043b\u044f \u0434\u0456\u0432\u0447\u0430\u0442", "section": 4, "slug": "girls_t_shirt", "image": "", "icon": "item_images/girls_t_shirt/women-t-shirt.png"}}, {"model": "product.itemtype", "pk": 11, "fields": {"name": "\u0421\u043e\u0440\u043e\u0447\u043a\u0430", "name_plural": "\u0421\u043e\u0440\u043e\u0447\u043a\u0438", "code_name": "girls_shirt", "notes": "\u0421\u043e\u0440\u043e\u0447\u043a\u0438 \u0434\u043b\u044f \u0434\u0456\u0432\u0447\u0430\u0442", "section": 4, "slug": "girls_shirt", "image": "", "icon": "item_images/girls_shirt/women-shirt.png"}}, {"model": "product.itemtype", "pk": 12, "fields": {"name": "\u0421\u0443\u043a\u043d\u044f", "name_plural": "\u0421\u0443\u043a\u043d\u0456", "code_name": "girls_dress", "notes": "\u0421\u0443\u043a\u043d\u0456 \u0434\u043b\u044f \u0434\u0456\u0432\u0447\u0430\u0442", "section": 4, "slug": "girls_dress", "image": "", "icon": "item_images/girls_dress/women-dress.png"}}, {"model": "product.itemtype", "pk": 13, "fields": {"name": "\u0421\u043f\u0456\u0434\u043d\u0438\u0446\u044f", "name_plural": "\u0421\u043f\u0456\u0434\u043d\u0438\u0446\u0456", "code_name": "girls_skirt", "notes": "\u0421\u043f\u0456\u0434\u043d\u0438\u0446\u0456 \u0434\u043b\u044f \u0434\u0456\u0432\u0447\u0430\u0442", "section": 4, "slug": "girls_skirt", "image": "", "icon": "item_images/girls_skirt/women-skirt.png"}}, {"model": "product.itemtype", "pk": 14, "fields": {"name": "\u0422\u0443\u043d\u0456\u043a\u0430", "name_plural": "\u0422\u0443\u043d\u0456\u043a\u0438", "code_name": "girls_tunic", "notes": "\u0422\u0443\u043d\u0456\u043a\u0438 \u0434\u043b\u044f \u0434\u0456\u0432\u0447\u0430\u0442", "section": 4, "slug": "girls_tunic", "image": "", "icon": "item_images/girls_tunic/women-tunic.png"}}, {"model": "product.itemtype", "pk": 15, "fields": {"name": "\u0421\u0443\u043c\u043a\u0430", "name_plural": "\u0421\u0443\u043c\u043a\u0438", "code_name": "women_bag", "notes": "\u0416\u0456\u043d\u043e\u0447\u0456 \u0441\u0443\u043c\u043a\u0438", "section": 6, "slug": null, "image": "", "icon": "item_images/None/women-bag.png"}}, {"model": "product.itemtype", "pk": 16, "fields": {"name": "\u041a\u043e\u0441\u043c\u0435\u0442\u0438\u0447\u043a\u0430", "name_plural": "\u041a\u043e\u0441\u043c\u0435\u0442\u0438\u0447\u043a\u0438", "code_name": "women_cosmetic_bag", "notes": "\u041a\u043e\u0441\u043c\u0435\u0442\u0438\u0447\u043a\u0438 \u0434\u043b\u044f \u0436\u0456\u043d\u043e\u043a", "section": 6, "slug": "women_cosmetic_bag", "image": "", "icon": "item_images/women_cosmetic_bag/women-cosmetic-bag.png"}}, {"model": "product.itemtype", "pk": 17, "fields": {"name": "\u0421\u043a\u0430\u0442\u0435\u0440\u0442\u0438\u043d\u0430", "name_plural": "\u0421\u043a\u0430\u0442\u0435\u0440\u0442\u0438\u043d\u0438", "code_name": "tablecloth", "notes": "\u0421\u043a\u0430\u0442\u0435\u0440\u0442\u0438\u043d\u0438", "section": 9, "slug": "tablecloth", "image": "", "icon": "item_images/tablecloth/tablecloth.png"}}, {"model": "product.itemtype", "pk": 18, "fields": {"name": "\u0427\u043e\u0445\u043e\u043b \u0434\u043b\u044f \u0442\u0435\u043b\u0435\u0444\u043e\u043d\u0443", "name_plural": "\u0427\u043e\u0445\u043b\u0438 \u0434\u043b\u044f \u0442\u0435\u043b\u0435\u0444\u043e\u043d\u0456\u0432", "code_name": "phone_cases", "notes": "\u0427\u043e\u0445\u043b\u0438 \u0434\u043b\u044f \u0442\u0435\u043b\u0435\u0444\u043e\u043d\u0456\u0432", "section": 9, "slug": "phone_cases", "image": "", "icon": "item_images/phone_cases/case.png"}}, {"model": "product.itemtype", "pk": 19, "fields": {"name": "\u0417\u0430\u0433\u043e\u0442\u043e\u0432\u043a\u0430 \u0444\u0443\u0442\u0431\u043e\u043b\u043a\u0438", "name_plural": "\u0417\u0430\u0433\u043e\u0442\u043e\u0432\u043a\u0438 \u0444\u0443\u0442\u0431\u043e\u043b\u043e\u043a", "code_name": "men_t_shirt_pattern", "notes": "\u0417\u0430\u0433\u043e\u0442\u043e\u0432\u043a\u0430 \u0447\u043e\u043b\u043e\u0432\u0456\u0447\u043e\u0457 \u0444\u0443\u0442\u0431\u043e\u043b\u043a\u0438", "section": 10, "slug": "men_t_shirt_pattern", "image": "", "icon": "item_images/men_t_shirt_pattern/men-t-shirt.png"}}, {"model": "product.itemtype", "pk": 20, "fields": {"name": "\u0417\u0430\u0433\u043e\u0442\u043e\u0432\u043a\u0430 \u0441\u043e\u0440\u043e\u0447\u043a\u0438", "name_plural": "\u0417\u0430\u0433\u043e\u0442\u043e\u0432\u043a\u0438 \u0441\u043e\u0440\u043e\u0447\u043e\u043a", "code_name": "met_t_shirt_pattern", "notes": "\u0417\u0430\u0433\u043e\u0442\u043e\u0432\u043a\u0438 \u0447\u043e\u043b\u043e\u0432\u0456\u0447\u0438\u0445 \u0441\u043e\u0440\u043e\u0447\u043e\u043a", "section": 10, "slug": "met_t_shirt_pattern", "image": "", "icon": "item_images/met_t_shirt_pattern/men-shirt.png"}}, {"model": "product.itemtype", "pk": 21, "fields": {"name": "\u0417\u0430\u0433\u043e\u0442\u043e\u0432\u043a\u0430 \u0444\u0443\u0442\u0431\u043e\u043b\u043a\u0438", "name_plural": "\u0417\u0430\u0433\u043e\u0442\u043e\u0432\u043a\u0438 \u0444\u0443\u0442\u0431\u043e\u043b\u043e\u043a", "code_name": "women_t_shirt_pattern", "notes": "\u0417\u0430\u0433\u043e\u0442\u043e\u0432\u043a\u0438 \u0436\u0456\u043d\u043e\u0447\u0438\u0445 \u0444\u0443\u0442\u0431\u043e\u043b\u043e\u043a", "section": 11, "slug": "women_t_shirt_pattern", "image": "", "icon": "item_images/women_t_shirt_pattern/women-t-shirt.png"}}, {"model": "product.itemtype", "pk": 22, "fields": {"name": "\u0417\u0430\u0433\u043e\u0442\u043e\u0432\u043a\u0430 \u0441\u043e\u0440\u043e\u0447\u043a\u0438", "name_plural": "\u0417\u0430\u0433\u043e\u0442\u043e\u0432\u043a\u0438 \u0441\u043e\u0440\u043e\u0447\u043e\u043a", "code_name": "women_shirt_pattern", "notes": "\u0417\u0430\u0433\u043e\u0442\u043e\u0432\u043a\u0438 \u0436\u0456\u043d\u043e\u0447\u0438\u0445 \u0441\u043e\u0440\u043e\u0447\u043e\u043a", "section": 11, "slug": "women_shirt_pattern", "image": "", "icon": "item_images/women_shirt_pattern/women-shirt.png"}}, {"model": "product.itemtype", "pk": 23, "fields": {"name": "\u0417\u0430\u0433\u043e\u0442\u043e\u0432\u043a\u0430 \u0441\u0443\u043a\u043d\u0456", "name_plural": "\u0417\u0430\u0433\u043e\u0442\u043e\u0432\u043a\u0438 \u0441\u0443\u043a\u043e\u043d\u044c", "code_name": "women_dress_pattern", "notes": "\u0417\u0430\u0433\u043e\u0442\u043e\u0432\u043a\u0438 \u0436\u0456\u043d\u043e\u0447\u0438\u0445 \u0441\u0443\u043a\u043e\u043d\u044c", "section": 11, "slug": "women_dress_pattern", "image": "", "icon": "item_images/women_dress_pattern/women-dress.png"}}, {"model": "product.itemtype", "pk": 24, "fields": {"name": "\u0417\u0430\u0433\u043e\u0442\u043e\u0432\u043a\u0430 \u0441\u043f\u0456\u0434\u043d\u0438\u0446\u0456", "name_plural": "\u0417\u0430\u0433\u043e\u0442\u043e\u0432\u043a\u0438 \u0441\u043f\u0456\u0434\u043d\u0438\u0446\u044c", "code_name": "women_skirt_pattern", "notes": "\u0417\u0430\u0433\u043e\u0442\u043e\u0432\u043a\u0438 \u0436\u0456\u043d\u043e\u0447\u0438\u0445 \u0441\u043f\u0456\u0434\u043d\u0438\u0446\u044c", "section": 11, "slug": "women_skirt_pattern", "image": "", "icon": "item_images/women_skirt_pattern/women-skirt.png"}}, {"model": "product.itemtype", "pk": 25, "fields": {"name": "\u0417\u0430\u0433\u043e\u0442\u043e\u0432\u043a\u0430 \u0442\u0443\u043d\u0456\u043a\u0438", "name_plural": "\u0417\u0430\u0433\u043e\u0442\u043e\u0432\u043a\u0438 \u0442\u0443\u043d\u0456\u043a", "code_name": "women_tunic_pattern", "notes": "\u0417\u0430\u0433\u043e\u0442\u043e\u0432\u043a\u0438 \u0436\u0456\u043d\u043e\u0447\u0438\u0445 \u0442\u0443\u043d\u0456\u043a", "section": 11, "slug": "women_tunic_pattern", "image": "", "icon": "item_images/women_tunic_pattern/women-tunic.png"}}, {"model": "product.itemtype", "pk": 26, "fields": {"name": "\u0417\u0430\u0433\u043e\u0442\u043e\u0432\u043a\u0430 \u0444\u0443\u0442\u0431\u043e\u043b\u043a\u0438", "name_plural": "\u0417\u0430\u0433\u043e\u0442\u043e\u0432\u043a\u0438 \u0444\u0443\u0442\u0431\u043e\u043b\u043e\u043a", "code_name": "boys_t_shirt_pattern", "notes": "\u0417\u0430\u0433\u043e\u0442\u043e\u0432\u043a\u0438 \u0444\u0443\u0442\u0431\u043e\u043b\u043e\u043a \u0434\u043b\u044f \u0445\u043b\u043e\u043f\u0447\u0438\u043a\u0456\u0432", "section": 12, "slug": "boys_t_shirt_pattern", "image": "", "icon": "item_images/boys_t_shirt_pattern/men-t-shirt.png"}}, {"model": "product.itemtype", "pk": 27, "fields": {"name": "\u0417\u0430\u0433\u043e\u0442\u043e\u0432\u043a\u0430 \u0441\u043e\u0440\u043e\u0447\u043a\u0438", "name_plural": "\u0417\u0430\u0433\u043e\u0442\u043e\u0432\u043a\u0438 \u0441\u043e\u0440\u043e\u0447\u043e\u043a", "code_name": "boys_shirt_pattern", "notes": "\u0417\u0430\u0433\u043e\u0442\u043e\u0432\u043a\u0438 \u0441\u043e\u0440\u043e\u0447\u043e\u043a \u0434\u043b\u044f \u0445\u043b\u043e\u043f\u0447\u0438\u043a\u0456\u0432", "section": 12, "slug": "boys_shirt_pattern", "image": "", "icon": "item_images/boys_shirt_pattern/men-shirt.png"}}, {"model": "product.itemtype", "pk": 28, "fields": {"name": "\u0417\u0430\u0433\u043e\u0442\u043e\u0432\u043a\u0430 \u0444\u0443\u0442\u0431\u043e\u043b\u043a\u0438", "name_plural": "\u0417\u0430\u0433\u043e\u0442\u043e\u0432\u043a\u0438 \u0444\u0443\u0442\u0431\u043e\u043b\u043e\u043a", "code_name": "girls_t_shirt_pattern", "notes": "\u0417\u0430\u0433\u043e\u0442\u043e\u0432\u043a\u0438 \u0444\u0443\u0442\u0431\u043e\u043b\u043e\u043a \u0434\u043b\u044f \u0434\u0456\u0432\u0447\u0430\u0442", "section": 13, "slug": "girls_t_shirt_pattern", "image": "", "icon": "item_images/girls_t_shirt_pattern/women-t-shirt.png"}}, {"model": "product.itemtype", "pk": 29, "fields": {"name": "\u0417\u0430\u0433\u043e\u0442\u043e\u0432\u043a\u0430 \u0441\u043e\u0440\u043e\u0447\u043a\u0438", "name_plural": "\u0417\u0430\u0433\u043e\u0442\u043e\u0432\u043a\u0438 \u0441\u043e\u0440\u043e\u0447\u043e\u043a", "code_name": "girls_shirt_pattern", "notes": "\u0417\u0430\u0433\u043e\u0442\u043e\u0432\u043a\u0438 \u0441\u043e\u0440\u043e\u0447\u043e\u043a \u0434\u043b\u044f \u0434\u0456\u0432\u0447\u0430\u0442", "section": 13, "slug": "girls_shirt_pattern", "image": "", "icon": "item_images/girls_shirt_pattern/women-shirt.png"}}, {"model": "product.itemtype", "pk": 30, "fields": {"name": "\u0417\u0430\u0433\u043e\u0442\u043e\u0432\u043a\u0430 \u0441\u0443\u043a\u043d\u0456", "name_plural": "\u0417\u0430\u0433\u043e\u0442\u043e\u0432\u043a\u0438 \u0441\u0443\u043a\u043e\u043d\u044c", "code_name": "girls_dress_pattern", "notes": "\u0417\u0430\u0433\u043e\u0442\u043e\u0432\u043a\u0438 \u0441\u0443\u043a\u043e\u043d\u044c \u0434\u043b\u044f \u0434\u0456\u0432\u0447\u0430\u0442", "section": 13, "slug": "girls_dress_pattern", "image": "", "icon": "item_images/girls_dress_pattern/women-dress.png"}}, {"model": "product.itemtype", "pk": 31, "fields": {"name": "\u0417\u0430\u0433\u043e\u0442\u043e\u0432\u043a\u0430 \u0441\u043f\u0456\u0434\u043d\u0438\u0446\u0456", "name_plural": "\u0417\u0430\u0433\u043e\u0442\u043e\u0432\u043a\u0438 \u0441\u043f\u0456\u0434\u043d\u0438\u0446\u044c", "code_name": "girls_skirt_pattern", "notes": "\u0417\u0430\u0433\u043e\u0442\u043e\u0432\u043a\u0438 \u0441\u043f\u0456\u0434\u043d\u0438\u0446\u044c \u0434\u043b\u044f \u0434\u0456\u0432\u0447\u0430\u0442", "section": 13, "slug": "girls_skirt_pattern", "image": "", "icon": "item_images/girls_skirt_pattern/women-skirt.png"}}, {"model": "product.itemtype", "pk": 32, "fields": {"name": "\u0417\u0430\u0433\u043e\u0442\u043e\u0432\u043a\u0430 \u0442\u0443\u043d\u0456\u043a\u0438", "name_plural": "\u0417\u0430\u0433\u043e\u0442\u043e\u0432\u043a\u0438 \u0442\u0443\u043d\u0456\u043a", "code_name": "girls_tunic_pattern", "notes": "\u0417\u0430\u0433\u043e\u0442\u043e\u0432\u043a\u0438 \u0442\u0443\u043d\u0456\u043a \u0434\u043b\u044f \u0434\u0456\u0432\u0447\u0430\u0442", "section": 13, "slug": "girls_tunic_pattern", "image": "", "icon": "item_images/girls_tunic_pattern/women-tunic.png"}}]